episode,avg_qoe,stall_ratio,served_ratio,util_per_chunk,switch_rate,pol_loss,val_loss,entropy,sec
0,0.3664,0.0000,0.7167,0.8666,0.4225,-0.0118,101.4695,7.2200,1
1,0.3846,0.0000,0.7042,0.8689,0.4275,-0.0107,95.4085,6.8876,2
2,0.3920,0.0046,0.6958,0.8766,0.4363,-0.0083,88.0533,6.8845,2
3,0.4191,0.0000,0.7083,0.8782,0.4542,-0.0070,89.8698,6.9460,3
4,0.4344,0.0000,0.7125,0.8807,0.4800,-0.0154,93.0370,6.6345,4
5,0.4399,0.0000,0.6792,0.8832,0.4521,-0.0111,90.2358,6.5124,5
6,0.4765,0.0000,0.7250,0.8855,0.4758,-0.0005,100.7844,6.6265,5
7,0.4383,0.0004,0.6417,0.8962,0.4358,0.0037,81.6485,6.1155,6
8,0.4873,0.0000,0.7125,0.8904,0.4829,-0.0065,96.0358,6.4569,7
9,0.4524,0.0008,0.6583,0.8914,0.4429,-0.0051,81.4129,6.3655,8
10,0.4836,0.0000,0.6958,0.8950,0.4763,0.0053,85.4769,6.2482,8
11,0.4839,0.0000,0.6917,0.8973,0.4754,-0.0075,79.0067,6.3143,9
12,0.5020,0.0000,0.7083,0.9007,0.4725,-0.0150,81.0520,6.2004,10
13,0.5353,0.0000,0.7375,0.9061,0.4921,-0.0008,91.8177,6.3560,11
14,0.5373,0.0000,0.7250,0.9137,0.4708,0.0014,88.4472,6.3932,12
15,0.5118,0.0000,0.6917,0.9065,0.4771,-0.0036,72.3241,5.9646,12
16,0.5403,0.0000,0.7375,0.9037,0.5033,0.0047,78.9884,6.3340,13
17,0.5223,0.0000,0.7125,0.9075,0.4829,-0.0034,67.9091,6.1599,14
18,0.5021,0.0004,0.6750,0.9107,0.4554,-0.0037,56.9065,5.9266,15
19,0.5505,0.0000,0.7292,0.9187,0.4846,0.0072,69.7115,6.0471,15
20,0.5440,0.0000,0.7083,0.9256,0.4629,-0.0130,64.4125,5.8580,16
21,0.5524,0.0000,0.7292,0.9192,0.4863,-0.0118,65.8455,6.0336,17
22,0.5159,0.0000,0.6708,0.9255,0.4396,-0.0130,50.1813,5.4458,18
23,0.5648,0.0004,0.7083,0.9339,0.4296,-0.0028,63.1455,5.5437,18
24,0.5611,0.0000,0.7042,0.9376,0.4246,-0.0131,58.5584,5.6809,19
25,0.5717,0.0000,0.7000,0.9415,0.4117,-0.0088,58.5044,5.3613,20
26,0.5453,0.0000,0.6792,0.9378,0.4125,0.0158,45.9057,5.2543,21
27,0.5818,0.0000,0.7167,0.9404,0.4179,-0.0066,54.3518,5.5139,21
28,0.5782,0.0000,0.7042,0.9422,0.4042,-0.0166,49.2916,5.1746,22
29,0.5939,0.0000,0.7250,0.9447,0.4283,-0.0065,53.6802,5.6000,23
30,0.6120,0.0004,0.7375,0.9461,0.4138,-0.0037,52.6227,5.2640,24
31,0.5668,0.0000,0.6750,0.9523,0.3646,-0.0054,40.7513,4.9316,24
32,0.5969,0.0000,0.7125,0.9491,0.3925,-0.0130,41.8812,4.9870,25
33,0.6037,0.0000,0.7250,0.9508,0.4142,-0.0045,40.8421,5.4663,26
34,0.5766,0.0000,0.6917,0.9478,0.3887,-0.0102,34.3913,5.0725,27
35,0.6234,0.0000,0.7417,0.9524,0.4004,0.0007,40.7526,5.0693,28
36,0.5999,0.0000,0.7125,0.9521,0.3921,0.0020,33.9382,5.0505,28
37,0.5780,0.0000,0.6833,0.9508,0.3617,0.0022,29.8328,4.8150,29
38,0.5844,0.0000,0.6958,0.9503,0.3821,-0.0086,31.3721,4.8797,30
39,0.6240,0.0000,0.7333,0.9499,0.3917,0.0005,31.5049,5.1223,31
40,0.5523,0.0000,0.6500,0.9530,0.3417,-0.0046,31.6847,4.6797,31
41,0.6258,0.0000,0.7292,0.9517,0.3767,0.0088,28.8917,4.9076,32
42,0.5629,0.0000,0.6583,0.9502,0.3425,-0.0051,27.1446,4.4868,33
43,0.6098,0.0000,0.7125,0.9495,0.3713,-0.0169,22.2719,4.7945,34
44,0.6064,0.0021,0.7167,0.9455,0.3713,0.0053,22.1807,4.7778,34
45,0.6076,0.0000,0.7167,0.9478,0.3829,-0.0057,21.3537,4.8616,35
46,0.6185,0.0000,0.7208,0.9533,0.3787,0.0041,20.4993,4.7912,36
47,0.6090,0.0000,0.7125,0.9522,0.3812,0.0046,20.1541,4.8491,37
48,0.6261,0.0000,0.7333,0.9486,0.3812,-0.0037,21.7116,4.7764,37
49,0.6167,0.0000,0.7167,0.9526,0.3567,-0.0046,23.5950,4.8148,38
50,0.5754,0.0000,0.6750,0.9529,0.3608,0.0067,26.7844,4.9621,39
51,0.6176,0.0000,0.7250,0.9486,0.3742,0.0039,18.1997,5.0850,40
52,0.6090,0.0000,0.7167,0.9467,0.3842,-0.0111,22.9592,4.8580,40
53,0.6159,0.0000,0.7250,0.9461,0.3817,-0.0114,19.6789,5.0706,41
54,0.6235,0.0000,0.7375,0.9496,0.4075,0.0031,18.2577,5.0889,42
55,0.6245,0.0000,0.7458,0.9446,0.4046,0.0007,17.3991,5.2702,43
56,0.5681,0.0000,0.6833,0.9457,0.3867,-0.0008,27.5745,4.9177,44
57,0.5941,0.0000,0.7125,0.9429,0.3962,-0.0095,19.5194,5.1967,44
58,0.5670,0.0000,0.6792,0.9430,0.3879,-0.0006,23.0584,4.9809,45
59,0.5842,0.0000,0.7000,0.9443,0.3979,-0.0040,22.0367,4.9395,46
60,0.5957,0.0000,0.7042,0.9490,0.3787,0.0022,19.9973,4.8701,47
61,0.5855,0.0000,0.6958,0.9469,0.3837,-0.0028,25.3181,4.8056,47
62,0.6219,0.0000,0.7250,0.9547,0.3800,-0.0005,20.8850,4.8662,48
63,0.5974,0.0000,0.7000,0.9499,0.3650,-0.0129,20.1866,4.8832,49
64,0.5858,0.0000,0.6833,0.9530,0.3629,-0.0057,25.7918,4.8468,50
65,0.6067,0.0000,0.7125,0.9551,0.3992,-0.0031,21.5163,4.8565,50
66,0.6136,0.0000,0.7083,0.9608,0.3500,0.0106,21.5459,4.6876,51
67,0.5788,0.0000,0.6625,0.9612,0.3192,-0.0020,28.4802,4.6178,52
68,0.6277,0.0000,0.7250,0.9599,0.3771,-0.0009,19.7529,4.9049,53
69,0.5996,0.0000,0.6917,0.9576,0.3421,-0.0030,21.0016,4.6592,54
70,0.6071,0.0004,0.7000,0.9603,0.3463,0.0039,23.9969,4.7743,54
71,0.6293,0.0013,0.7292,0.9616,0.3604,0.0112,19.7700,4.7332,55
72,0.6197,0.0000,0.7083,0.9634,0.3358,0.0039,21.7141,4.7285,56
73,0.5890,0.0000,0.6833,0.9596,0.3525,-0.0041,23.9939,4.6207,57
74,0.6286,0.0000,0.7250,0.9601,0.3625,-0.0044,19.3897,4.8682,57
75,0.6200,0.0000,0.7167,0.9628,0.3583,-0.0001,19.2716,4.6742,58
76,0.5965,0.0000,0.6917,0.9605,0.3479,-0.0002,24.6254,4.7606,59
77,0.6087,0.0013,0.7125,0.9573,0.3654,-0.0005,18.8758,5.0176,60
78,0.6126,0.0000,0.7208,0.9536,0.3900,-0.0070,19.0730,4.9475,60
79,0.5692,0.0000,0.6667,0.9582,0.3417,-0.0071,26.6422,4.9138,61
80,0.6091,0.0000,0.7083,0.9592,0.3629,-0.0118,18.3505,4.9219,62
81,0.6071,0.0013,0.7125,0.9547,0.3775,-0.0063,20.0475,4.8832,63
82,0.6168,0.0000,0.7208,0.9552,0.3821,-0.0026,19.2772,4.8413,64
83,0.6162,0.0000,0.7125,0.9593,0.3575,-0.0019,21.6780,4.7137,64
84,0.6316,0.0000,0.7292,0.9566,0.3621,-0.0071,18.2789,5.0380,65
85,0.6276,0.0004,0.7208,0.9616,0.3538,-0.0048,18.5017,4.6759,66
86,0.6454,0.0000,0.7417,0.9598,0.3725,0.0003,19.4975,4.8037,67
87,0.5913,0.0000,0.6750,0.9643,0.3237,-0.0079,25.3544,4.5440,67
88,0.6457,0.0000,0.7417,0.9609,0.3667,0.0023,18.8490,4.8792,68
89,0.6186,0.0000,0.7125,0.9589,0.3608,0.0108,21.8721,4.4135,69
90,0.6491,0.0000,0.7458,0.9584,0.3708,0.0017,19.3134,4.8391,70
91,0.5860,0.0004,0.6750,0.9579,0.3325,0.0028,28.9167,4.6511,70
92,0.6018,0.0000,0.6917,0.9592,0.3471,-0.0060,21.4011,4.3715,71
93,0.5992,0.0000,0.6833,0.9638,0.3308,-0.0046,22.2989,4.3924,72
94,0.6028,0.0000,0.6875,0.9633,0.3321,-0.0030,24.2624,4.6026,73
95,0.6510,0.0000,0.7333,0.9695,0.3267,0.0026,21.7007,4.6905,73
96,0.6220,0.0000,0.7000,0.9673,0.3092,0.0020,26.4311,4.3390,74
97,0.6238,0.0000,0.7000,0.9690,0.3054,-0.0104,24.5450,4.5013,75
98,0.6215,0.0000,0.6917,0.9726,0.2742,-0.0060,23.1593,4.2149,76
99,0.5870,0.0000,0.6500,0.9755,0.2550,0.0066,36.4959,4.2368,76
100,0.6492,0.0000,0.7125,0.9779,0.2521,-0.0033,22.3979,4.2521,77
101,0.6368,0.0004,0.7000,0.9776,0.2583,-0.0058,23.3824,4.1510,78
102,0.6760,0.0000,0.7375,0.9791,0.2467,-0.0052,21.3137,4.5393,79
103,0.6551,0.0004,0.7208,0.9780,0.2608,-0.0006,22.3365,4.1774,80
104,0.6064,0.0000,0.6583,0.9814,0.2004,-0.0017,29.3470,3.9810,80
105,0.6623,0.0000,0.7208,0.9801,0.2354,0.0040,23.6049,4.1777,81
106,0.6797,0.0000,0.7417,0.9792,0.2437,0.0017,20.6641,4.2937,82
107,0.6773,0.0000,0.7458,0.9765,0.2725,0.0013,20.7010,4.4736,83
108,0.6289,0.0021,0.7042,0.9738,0.2762,-0.0044,23.4502,4.2369,83
109,0.6438,0.0000,0.7083,0.9774,0.2608,-0.0079,20.0836,4.0914,84
110,0.6433,0.0000,0.7042,0.9796,0.2379,-0.0001,23.9791,4.0482,85
111,0.6563,0.0000,0.7125,0.9814,0.2204,0.0016,25.0457,3.9917,86
112,0.7029,0.0000,0.7500,0.9851,0.1858,0.0009,23.4663,3.9271,86
113,0.6721,0.0000,0.7125,0.9870,0.1529,-0.0102,32.1127,3.6308,87
114,0.6789,0.0008,0.7250,0.9855,0.1700,-0.0045,24.8584,3.6687,88
115,0.6938,0.0000,0.7333,0.9875,0.1575,-0.0000,21.4864,3.6687,89
116,0.6671,0.0000,0.7083,0.9864,0.1608,-0.0013,24.6609,3.7139,89
117,0.6164,0.0000,0.6458,0.9898,0.1208,-0.0004,38.1126,3.4149,90
118,0.6760,0.0000,0.7083,0.9901,0.1221,0.0017,23.6014,3.6127,91
119,0.6691,0.0000,0.7042,0.9887,0.1404,0.0036,31.5079,3.4647,92
120,0.6847,0.0000,0.7250,0.9879,0.1562,-0.0024,22.5794,3.6969,93
121,0.6677,0.0000,0.7000,0.9895,0.1288,-0.0045,25.9601,3.5774,93
122,0.6782,0.0000,0.7167,0.9881,0.1550,-0.0093,27.8465,3.8607,94
123,0.6339,0.0000,0.6625,0.9905,0.1175,0.0035,36.9891,3.4247,95
124,0.6217,0.0000,0.6542,0.9885,0.1333,-0.0000,35.6806,3.3392,96
125,0.6859,0.0000,0.7167,0.9904,0.1221,-0.0054,23.1783,3.3781,96
126,0.6795,0.0000,0.7083,0.9912,0.1183,-0.0029,24.7338,3.4312,97
127,0.6889,0.0000,0.7125,0.9924,0.0950,-0.0039,29.0890,3.4126,98
128,0.6603,0.0000,0.6833,0.9926,0.0921,-0.0076,30.9434,3.2272,99
129,0.6954,0.0000,0.7167,0.9938,0.0796,0.0033,24.6471,3.3558,99
130,0.6745,0.0000,0.6958,0.9939,0.0762,-0.0075,29.4993,3.3839,100
131,0.7047,0.0000,0.7375,0.9908,0.1042,-0.0078,12.9866,3.6005,101
132,0.6676,0.0000,0.7000,0.9902,0.1071,0.0356,14.8171,3.5092,102
133,0.6719,0.0000,0.7000,0.9916,0.0942,-0.0105,11.0095,3.4559,102
134,0.6692,0.0000,0.7042,0.9894,0.1133,0.0223,19.9503,3.4668,103
135,0.6905,0.0000,0.7292,0.9882,0.1100,-0.0016,8.2958,3.7737,104
136,0.6354,0.0004,0.6583,0.9926,0.0808,0.0143,22.0993,3.2400,105
137,0.6603,0.0004,0.7125,0.9844,0.1375,0.0139,8.9490,3.8661,105
138,0.6704,0.0000,0.7167,0.9861,0.1283,0.0064,9.9038,3.5972,106
139,0.6803,0.0000,0.7375,0.9832,0.1521,-0.0074,4.9369,3.8559,107
140,0.6793,0.0000,0.7250,0.9865,0.1321,0.0040,11.3552,3.4146,108
141,0.6434,0.0004,0.6708,0.9919,0.0912,0.0059,20.0366,3.3160,108
142,0.6716,0.0000,0.7125,0.9879,0.1158,0.0251,12.7956,3.4877,109
143,0.6686,0.0000,0.7083,0.9884,0.1121,0.0016,7.5842,3.5773,110
144,0.6411,0.0000,0.6667,0.9916,0.0879,0.0074,17.5624,3.3429,111
145,0.6638,0.0000,0.6958,0.9906,0.1071,-0.0029,11.8306,3.5270,112
146,0.6865,0.0000,0.7333,0.9853,0.1221,0.0401,10.0942,3.6295,112
147,0.6496,0.0013,0.6917,0.9873,0.1163,0.0118,15.6668,3.3706,113
148,0.6685,0.0000,0.7083,0.9876,0.1200,0.0061,10.8161,3.3993,114
149,0.6837,0.0000,0.7375,0.9852,0.1367,0.0167,8.7255,3.7308,115
150,0.6737,0.0000,0.7292,0.9844,0.1250,0.0094,9.4557,3.7540,115
151,0.6716,0.0000,0.7208,0.9865,0.1025,0.0178,7.2461,3.5098,116
152,0.6692,0.0000,0.7250,0.9837,0.1304,0.0023,5.8927,3.6224,117
153,0.6716,0.0000,0.7333,0.9820,0.1433,-0.0189,5.9124,3.7005,118
154,0.6704,0.0000,0.7125,0.9874,0.1221,0.0113,11.9664,3.5758,119
155,0.6260,0.0000,0.6542,0.9907,0.0908,0.0051,28.1967,3.3279,119
156,0.6456,0.0033,0.6792,0.9917,0.0858,-0.0012,12.4647,3.2359,120
157,0.6677,0.0000,0.7083,0.9878,0.1142,0.0009,11.6127,3.5388,121
158,0.6291,0.0000,0.6542,0.9914,0.0833,0.0123,21.1105,3.3222,122
159,0.6556,0.0004,0.6875,0.9902,0.0958,-0.0105,20.4686,3.2342,122
160,0.6611,0.0000,0.7000,0.9888,0.1125,0.0018,9.2328,3.4966,123
161,0.6724,0.0000,0.7083,0.9894,0.1092,0.0038,7.3383,3.4937,124
162,0.6806,0.0000,0.7375,0.9840,0.1196,0.0100,6.0718,3.8204,125
163,0.6746,0.0000,0.7292,0.9858,0.1100,-0.0049,7.3859,3.7862,126
164,0.6576,0.0000,0.7042,0.9870,0.1062,0.0017,18.9689,3.3497,126
165,0.6734,0.0000,0.7250,0.9861,0.1212,-0.0092,6.0156,3.4965,127
166,0.6737,0.0000,0.7250,0.9854,0.1175,0.0014,4.5467,3.5625,128
167,0.6394,0.0000,0.6625,0.9923,0.0850,0.0119,15.5972,3.4336,129
168,0.6507,0.0000,0.7167,0.9793,0.1275,0.0121,6.3555,3.7672,130
169,0.6154,0.0000,0.6625,0.9864,0.0842,0.0050,21.1620,3.3162,130
170,0.6356,0.0000,0.7208,0.9766,0.1404,-0.0021,3.5782,4.2331,131
171,0.6290,0.0000,0.7083,0.9780,0.1363,0.0177,5.6294,3.9538,132
172,0.6409,0.0000,0.7375,0.9739,0.1504,0.0151,4.5725,4.0090,133
173,0.6224,0.0000,0.6667,0.9871,0.0929,-0.0003,20.0161,3.3518,133
174,0.6156,0.0025,0.6667,0.9859,0.1083,0.0026,21.5932,3.6933,134
175,0.6534,0.0000,0.7208,0.9802,0.1396,0.0017,5.3657,3.8262,135
176,0.6221,0.0000,0.6583,0.9889,0.0900,-0.0007,27.6137,3.4608,136
177,0.6586,0.0000,0.7042,0.9864,0.1096,0.0017,14.4992,3.5601,136
178,0.6440,0.0000,0.6750,0.9907,0.0925,0.0029,12.5419,3.4976,137
179,0.6666,0.0000,0.7333,0.9822,0.1263,-0.0014,4.7713,3.8298,138
180,0.6387,0.0000,0.6750,0.9882,0.1004,0.0207,8.5237,3.4329,139
181,0.6574,0.0000,0.7042,0.9860,0.0975,0.0030,20.0337,3.5407,140
182,0.6444,0.0000,0.6750,0.9909,0.0842,0.0008,16.6767,3.3814,140
183,0.6609,0.0000,0.7250,0.9837,0.1175,0.0076,7.4623,3.4597,141
184,0.6658,0.0000,0.7083,0.9885,0.0908,-0.0066,6.9367,3.4657,142
185,0.6566,0.0000,0.7125,0.9841,0.1087,-0.0021,5.2638,3.4499,143
186,0.6465,0.0000,0.6833,0.9889,0.0921,-0.0016,16.1383,3.2015,143
187,0.6470,0.0000,0.6792,0.9906,0.0775,-0.0022,16.9262,3.3378,144
188,0.6425,0.0000,0.6667,0.9927,0.0688,0.0004,16.5009,3.2386,145
189,0.6507,0.0000,0.7042,0.9851,0.1125,0.0040,4.9684,3.5365,146
190,0.6595,0.0000,0.7292,0.9814,0.1113,0.0089,5.8145,3.6950,146
191,0.6627,0.0000,0.7125,0.9853,0.1025,-0.0023,5.8006,3.5753,147
192,0.6648,0.0000,0.7125,0.9850,0.0954,-0.0027,4.9164,3.5209,148
193,0.6688,0.0000,0.7208,0.9858,0.0854,-0.0073,3.5572,3.7388,149
194,0.6695,0.0000,0.7250,0.9833,0.0975,-0.0077,8.0120,3.6133,150
195,0.6667,0.0000,0.7042,0.9887,0.0871,0.0144,10.6526,3.2294,150
196,0.6544,0.0000,0.6792,0.9923,0.0612,-0.0043,12.3505,3.2185,151
197,0.5763,0.0013,0.5917,0.9959,0.0317,0.0141,42.7569,2.9230,152
198,0.6160,0.0000,0.6375,0.9924,0.0625,0.0260,30.7326,2.9457,153
199,0.6556,0.0000,0.6750,0.9939,0.0671,0.0057,15.0209,3.0361,153
